{
    "rmse": 0.6924830164001315,
    "mae": 0.5417854666603109,
    "r2": 0.2295966856400682
}