{
    "rmse": 0.7702724351823709,
    "mae": 0.6488779853271877,
    "r2": 0.04678997194239687
}